time_s,explored_area_m2
0.000,10.3575
1.025,10.3575
2.015,10.3575
2.940,10.3575
3.960,10.3575
4.950,32.4675
5.975,32.4675
6.965,32.4675
6.965,32.4675
7.890,32.4675
8.910,46.7800
9.935,46.7800
10.925,46.7800
11.915,46.7800
12.905,46.7800
13.895,46.7800
14.885,46.7800
15.875,51.5125
16.895,51.5125
17.885,51.5125
18.875,53.8600
19.900,53.8600
20.890,53.8600
21.880,53.8600
22.870,53.8600
23.795,53.8600
24.255,53.8600
24.915,53.8600
25.875,57.5325
26.865,57.5325
27.855,64.7225
28.845,64.7225
29.765,72.8675
30.755,72.8675
31.745,72.8675
32.705,72.8675
33.695,72.8675
34.685,72.8675
35.705,81.5550
35.705,81.5550
36.630,81.5550
37.590,87.1825
38.610,87.1825
39.600,87.1825
40.625,87.1825
41.615,87.1825
42.605,87.1825
43.595,88.3225
44.585,88.3225
45.575,88.6850
46.565,88.6850
47.555,88.6850
48.545,88.6850
49.565,88.6850
50.555,88.6850
51.580,88.6850
52.570,88.8350
53.560,88.9725
54.550,88.9725
55.540,89.3150
56.565,89.3150
57.555,90.0575
58.575,90.0575
59.565,92.6175
60.555,94.3050
61.545,94.3050
62.535,94.3050
63.525,96.0625
64.550,96.0625
65.540,96.0625
65.575,96.0625
66.565,96.0625
67.555,96.0625
68.545,96.0625
69.535,96.0625
70.525,96.0625
71.515,96.0625
72.535,96.0625
73.525,97.6375
74.515,97.6375
75.540,101.3500
76.530,101.3500
77.520,101.3500
78.510,101.3500
79.500,101.3500
80.490,101.3500
81.480,101.3500
82.500,101.3500
83.490,101.3500
84.515,103.7925
85.505,103.7925
86.495,103.7925
87.485,103.7925
88.505,103.7925
89.495,103.7925
90.485,103.7925
91.445,103.7925
92.435,105.3625
93.425,106.2775
94.415,106.2775
95.435,107.3450
95.435,107.3450
96.395,107.3450
97.415,107.3450
98.405,107.3450
99.395,107.3450
100.385,107.3450
101.375,107.3450
102.400,107.3450
103.390,107.3450
104.380,108.4525
105.370,110.9850
106.395,110.9850
107.385,115.5600
108.375,115.5600
109.395,115.5600
110.385,115.5600
111.375,115.5600
112.365,115.5600
113.390,115.5600
114.380,115.5600
115.405,115.5600
116.360,115.5600
117.315,121.6325
118.340,126.6300
119.330,126.6300
120.320,130.4350
121.345,130.4350
122.335,133.2625
123.325,133.2625
124.315,137.4475
125.305,137.4475
125.335,137.4475
126.295,137.4475
127.285,137.4475
128.275,137.4475
129.265,137.4475
130.255,137.4475
131.275,137.4475
132.265,145.4675
133.290,145.4675
134.280,154.6175
135.270,154.6175
136.260,154.6175
137.280,154.6175
138.270,154.6175
139.260,154.6175
140.285,154.6175
141.275,154.6175
142.265,154.6175
143.255,163.4675
144.245,171.1800
145.235,171.1800
146.255,176.0900
147.245,176.0900
148.235,176.0900
149.260,176.0900
150.250,176.0900
151.240,176.0900
152.230,176.0900
153.220,176.0900
154.245,176.0900
155.235,176.0900
155.265,176.0900
156.190,178.8000
157.180,180.3225
158.170,180.3225
159.160,181.1600
160.185,181.1600
161.175,181.1600
162.165,181.1600
163.185,181.1600
164.175,181.1600
165.165,181.1600
166.155,181.1600
167.180,181.1600
168.170,181.1600
169.160,181.1600
170.185,181.7350
171.175,182.2000
172.165,182.2000
173.155,182.8750
174.175,182.8750
175.165,183.6000
176.155,183.6000
177.145,183.6000
178.170,183.6000
179.160,183.6000
180.150,183.6000
181.140,184.1350
182.160,184.1350
183.150,184.2325
184.175,184.2325
185.130,184.3525
185.165,184.3525
186.120,184.3525
187.145,184.4100
188.100,184.4100
189.125,184.4100
190.115,184.4100
191.105,184.4100
192.095,184.4100
193.115,184.4100
194.105,184.4100
195.130,184.4100
196.120,184.4100
197.110,184.4100
198.100,184.4100
199.025,184.4100
