stamp_sec,stamp_nanosec,marker_id,x,y,z
0,400000000,1,5.73877411315728,1.4237585938466826,0.15721261541805429
0,400000000,1,5.737891806895622,1.811882169870846,0.15723646446900988
0,465000000,1,5.73877411315728,1.4237585938466826,0.15721261541805429
0,465000000,1,5.737891806895622,1.811882169870846,0.15723646446900988
0,595000000,1,5.738774113157279,1.4237585938466826,0.15721261541805429
0,595000000,1,5.737891806895621,1.811882169870846,0.15723646446900988
0,795000000,1,5.738774113157279,1.4237585938466826,0.15721261541805429
0,795000000,1,5.737891806895621,1.811882169870846,0.15723646446900988
0,860000000,1,5.738774113157279,1.4237585938466826,0.15721261541805429
0,860000000,1,5.737891806895621,1.811882169870846,0.15723646446900988
0,990000000,1,5.738774113157279,1.4237585938466826,0.15721261541805429
0,990000000,1,5.737891806895621,1.811882169870846,0.15723646446900988
1,190000000,1,5.738774113157279,1.4237585938466826,0.15721261541805429
1,190000000,1,5.737891806895621,1.811882169870846,0.15723646446900988
1,390000000,1,5.738774113157279,1.4237585938466826,0.15721261541805429
1,390000000,1,5.737891806895621,1.811882169870846,0.15723646446900988
1,520000000,1,5.738774113157279,1.4237585938466826,0.15721261541805429
1,520000000,1,5.737891806895621,1.811882169870846,0.15723646446900988
1,585000000,1,5.738774113157279,1.4237585938466826,0.15721261541805429
1,585000000,1,5.737891806895621,1.811882169870846,0.15723646446900988
1,720000000,1,5.738774113157279,1.4237585938466826,0.15721261541805429
1,720000000,1,5.737891806895621,1.811882169870846,0.15723646446900988
1,785000000,1,5.738774113157279,1.4237585938466826,0.15721261541805429
1,785000000,1,5.737891806895621,1.811882169870846,0.15723646446900988
1,915000000,1,5.738774113157279,1.4237585938466826,0.15721261541805429
1,915000000,1,5.737891806895621,1.811882169870846,0.15723646446900988
2,115000000,1,5.738774113157279,1.4237585938466826,0.15721261541805429
2,115000000,1,5.737891806895621,1.811882169870846,0.15723646446900988
2,310000000,1,5.738774113157279,1.4237585938466826,0.15721261541805429
2,310000000,1,5.737891806895621,1.811882169870846,0.15723646446900988
2,510000000,1,5.738774113157279,1.4237585938466826,0.15721261541805429
2,510000000,1,5.737891806895621,1.811882169870846,0.15723646446900988
2,640000000,1,5.738774113157279,1.4237585938466826,0.15721261541805429
2,640000000,1,5.737891806895621,1.811882169870846,0.15723646446900988
2,710000000,1,5.738774113157279,1.4237585938466826,0.15721261541805429
2,710000000,1,5.737891806895621,1.811882169870846,0.15723646446900988
2,840000000,1,5.738774113157279,1.4237585938466826,0.15721261541805429
2,840000000,1,5.737891806895621,1.811882169870846,0.15723646446900988
2,905000000,1,5.738774113157279,1.4237585938466826,0.15721261541805429
2,905000000,1,5.737891806895621,1.811882169870846,0.15723646446900988
3,40000000,1,5.738774113157279,1.4237585938466826,0.15721261541805429
3,40000000,1,5.737891806895621,1.811882169870846,0.15723646446900988
3,105000000,1,5.738774113157279,1.4237585938466826,0.15721261541805429
3,105000000,1,5.737891806895621,1.811882169870846,0.15723646446900988
3,235000000,1,5.8112944710206795,1.4320037842577091,0.15126147566093756
3,235000000,1,5.752682680309125,1.8007353945170936,0.14329886633284755
3,435000000,1,5.753086202679472,1.4202039144326246,0.15074093651371445
3,435000000,1,5.7115537769928775,1.7930564497661916,0.14769371220363214
3,500000000,1,5.815088838257371,1.4393438655964115,0.16007367769483244
3,500000000,1,5.725442174993369,1.7998420706549267,0.15821504879851866
3,630000000,1,5.826868245733412,1.4476378972770392,0.1580581156887808
3,630000000,1,5.746318504392537,1.8115431457474214,0.15627150051462296
3,830000000,1,5.758746995525342,1.4379578977047607,0.1599955930798589
3,960000000,1,5.780558554342021,1.4513727174041524,0.16245819994388094
8,910000000,1,5.605521124277298,1.580677321369146,0.15717547373192714
9,110000000,1,5.638825838103129,1.5676060257833742,0.15687792474367876
9,240000000,1,5.680215536398812,1.5334393661265127,0.16229691834908244
9,310000000,1,5.596865163479542,1.4688210004980666,0.15793588308611417
9,440000000,1,5.649001207631432,1.423044286395363,0.16006732151148195
9,440000000,1,5.665845380719656,1.8264395341528297,0.1585501210564005
9,505000000,1,5.669127433126819,1.7908373748872908,0.16079530078556803
9,505000000,1,5.643701370199846,1.3859301504790325,0.15964615623434433
9,640000000,1,5.763675049012464,1.261915365681292,0.1597525807895696
9,640000000,1,5.728002596368697,1.6351276437167799,0.1606680856398247
16,240000000,1,5.6116518744567,0.9532525336267466,0.15937713815280952
16,305000000,1,5.581076922582783,0.9455848396794861,0.15937664535702847
16,435000000,1,5.590970500032798,0.9410291332023899,0.16062382173363957
16,500000000,1,5.613808748624307,0.9384109334262336,0.15972301697169597
16,635000000,1,5.579208608857591,0.9342641125323936,0.15972211722150778
16,635000000,1,5.508360585945175,0.5533411026304715,0.15893836062545053
16,700000000,1,5.5592547500614575,0.5439594577051718,0.16017836372343755
16,700000000,1,5.565398080929404,0.9265946844773558,0.1597203812193012
16,830000000,1,5.523575721343741,0.5360790990132493,0.1601855907242022
16,830000000,1,5.537903249302472,0.9151857080754344,0.1597200636182819
16,900000000,1,5.594130683988972,0.9106123407616324,0.15771579889103632
16,900000000,1,5.535690133767805,0.5278610200258504,0.1592474157399345
17,30000000,1,5.568429537565182,0.9008184666505687,0.15771558525768595
17,30000000,1,5.503676119117273,0.5202374982641957,0.15916794599217582
17,160000000,1,5.577577753049956,0.505197590065102,0.15972349151706716
17,160000000,1,5.5837714530476,0.8883574926982556,0.16023944233883197
17,230000000,1,5.493254854531658,0.5065233237348377,0.15829146350066575
17,230000000,1,5.6016521949736395,0.885480981240061,0.15914009767363213
17,360000000,1,5.531130488020825,0.4937104259195667,0.1598230442769574
17,360000000,1,5.581130332259711,0.8747216102604218,0.15908061855792038
17,425000000,1,5.657452003794864,0.8709712685121402,0.16074864562692565
17,425000000,1,5.524161665014368,0.4889818101793495,0.15982386530941084
17,560000000,1,5.657452003794864,0.8709712685121402,0.16074864562692565
17,560000000,1,5.524161665014368,0.4889818101793495,0.15982386530941084
17,625000000,1,5.657452003794864,0.8709712685121402,0.16074864562692565
17,625000000,1,5.524161665014368,0.4889818101793495,0.15982386530941084
17,755000000,1,5.657452003794864,0.8709712685121402,0.16074864562692565
17,755000000,1,5.524161665014368,0.4889818101793495,0.15982386530941084
17,820000000,1,5.657452003794864,0.8709712685121402,0.16074864562692565
17,820000000,1,5.524161665014368,0.4889818101793495,0.15982386530941084
17,955000000,1,5.657452003794864,0.8709712685121402,0.16074864562692565
17,955000000,1,5.524161665014368,0.4889818101793495,0.15982386530941084
18,20000000,1,5.520407360283031,0.48411917016826933,0.16308676190851149
18,20000000,1,5.575586742630909,0.863079628860422,0.16264883661627383
18,150000000,1,5.591973105344021,0.8852046298353826,0.15814733830582484
18,150000000,1,5.5088762223474,0.5073738855833098,0.1620564979685076
18,220000000,1,5.520529941210899,0.5253061524098115,0.15786543789945337
18,220000000,1,5.584353016597152,0.9076848757179082,0.15817352271598822
18,350000000,1,5.580148260634953,0.6057390835737796,0.15910610379537038
18,350000000,1,5.589578571970219,0.9921145734833056,0.15924247160053503
18,480000000,1,5.5179423968184125,0.7289780384602442,0.15961552239739513
18,480000000,1,5.506340520996574,1.1081346589667516,0.15836225663757442
18,550000000,1,5.504224229273574,0.7953628939734383,0.15925426120301
18,550000000,1,5.543790577482292,1.1781371234990612,0.16026145803046365
18,680000000,1,5.546222130519737,0.9023080545464952,0.16067610233701324
18,680000000,1,5.538134023518328,1.286738166031149,0.16115763236716596
18,745000000,1,5.519710073303312,0.9531709883030959,0.1589295144713594
43,960000000,2,5.603469920099174,-7.637980460674914,0.15865689562872531
44,25000000,2,5.6667592664746245,-7.65749056034125,0.1581123630201654
44,155000000,2,5.643542448863512,-7.629944663320401,0.15732985697524796
44,155000000,2,5.651909817377595,-7.24561018430905,0.15994282050183528
44,220000000,2,5.623160210144353,-7.609200136677976,0.15732883036726858
44,220000000,2,5.63939066697654,-7.233931639388915,0.15920025130577084
44,355000000,2,5.683331085785812,-7.609917713385921,0.15978912440003207
44,355000000,2,5.652739899432279,-7.213677116244353,0.15938326234939132
44,420000000,2,5.6659749399093755,-7.594085703854592,0.15978847653383074
44,420000000,2,5.655281876024609,-7.204120611117593,0.16149397548785016
44,550000000,2,5.629388107160012,-7.590430700918957,0.15978623335424272
44,550000000,2,5.653101677538343,-7.213632820408477,0.15997380929458124
44,620000000,2,5.645116319352743,-7.596836438880329,0.15897994880607297
44,620000000,2,5.655265180708617,-7.2164382497063935,0.15891102041337551
44,750000000,2,5.627998603726075,-7.582586816300804,0.15895937098892143
44,750000000,2,5.625863386995464,-7.203731720445889,0.15903937469887353
44,880000000,2,5.616958011242783,-7.56557221673817,0.1589729283824453
44,880000000,2,5.654267774567276,-7.197642874859648,0.16019343968717717
44,950000000,2,5.655900093021133,-7.574560666467122,0.15697554538844927
44,950000000,2,5.643567577821003,-7.188589913998832,0.1601940642505058
45,80000000,2,5.681487136742492,-7.567945856040446,0.15612480130313672
45,80000000,2,5.649848613731075,-7.174301390894586,0.15939731523376444
45,145000000,2,5.658165290833189,-7.551161091465094,0.15712851510368678
45,145000000,2,5.642731046272488,-7.166511525795043,0.15939956818948148
45,280000000,2,5.652919656378389,-7.55193249045228,0.1571223259064502
45,280000000,2,5.630754408089951,-7.166482062838736,0.159414006317026
45,345000000,2,5.701774333663497,-7.572901326689152,0.15834350461317556
45,345000000,2,5.6465756992019704,-7.172408681751687,0.15841327113130843
45,475000000,2,5.651212851800657,-7.5502022277773575,0.15711474843712686
45,475000000,2,5.640186506566334,-7.166139808967001,0.15857446964123367
45,675000000,2,5.655980421396698,-7.541015960770264,0.15710740660980296
45,675000000,2,5.662575861953,-7.165376903855566,0.16078469503844134
45,740000000,2,5.680379408138284,-7.547624693250802,0.1561053931755526
45,740000000,2,5.6359638632534175,-7.152284152128317,0.15843962011539647
45,870000000,2,5.6928621063303,-7.540331537643085,0.15936158688223478
45,870000000,2,5.662087036888991,-7.151068807347052,0.16079276337032167
45,940000000,2,5.69656336528905,-7.537304907997239,0.15931997286768662
45,940000000,2,5.633981082081864,-7.1393981941128475,0.1585906448145366
46,70000000,2,5.697953585016254,-7.530589205029347,0.15609568345323888
46,70000000,2,5.637586049048133,-7.130514674414758,0.15845280286756475
46,200000000,2,5.689950078527621,-7.518388624249119,0.16032051693026086
46,200000000,2,5.638244801953848,-7.124129529842039,0.158601322998695
46,270000000,2,5.687407406541048,-7.514285117603274,0.1570867230536672
46,270000000,2,5.641357028411878,-7.120565681350901,0.15846132464899534
46,400000000,2,5.68740740655144,-7.514285117574944,0.1570867230536689
46,400000000,2,5.641357028419213,-7.120565681322929,0.15846132464899687
46,465000000,2,5.68740740655144,-7.514285117574944,0.1570867230536689
46,465000000,2,5.641357028419213,-7.120565681322929,0.15846132464899687
46,600000000,2,5.68740740655144,-7.514285117574944,0.1570867230536689
46,600000000,2,5.641357028419213,-7.120565681322929,0.15846132464899687
46,665000000,2,5.68740740655144,-7.514285117574944,0.1570867230536689
46,665000000,2,5.641357028419213,-7.120565681322929,0.15846132464899687
46,795000000,2,5.68740740655144,-7.514285117574944,0.1570867230536689
46,795000000,2,5.641357028419213,-7.120565681322929,0.15846132464899687
46,860000000,2,5.68740740655144,-7.514285117574944,0.1570867230536689
46,860000000,2,5.641357028419213,-7.120565681322929,0.15846132464899687
46,995000000,2,5.669696904801707,-7.507675196840585,0.16110562237428516
46,995000000,2,5.655832443117829,-7.128411550841977,0.16176299691145557
47,190000000,2,5.704928760135003,-7.519284747755041,0.16190873128070396
47,190000000,2,5.657169005169362,-7.122246818735504,0.16112641290317664
47,390000000,2,5.649666347529392,-7.500860483908488,0.15823698725551527
47,390000000,2,5.636512327349138,-7.117896983582334,0.15951897561647
47,520000000,2,5.664779905610541,-7.50398328308907,0.1599294343297215
47,520000000,2,5.635073776628114,-7.113436025010248,0.15895877820547988
47,590000000,2,5.647372574137875,-7.499803332515405,0.15860263059259655
47,590000000,2,5.610165712780923,-7.108782315896942,0.15870408126992486
47,785000000,2,5.653642598448517,-7.498915133427094,0.15905462620929317
47,785000000,2,5.630272716792829,-7.111813005748896,0.15899567159956768
47,920000000,2,5.671792034015088,-7.504466048505045,0.15778853072496413
47,920000000,2,5.619818496571224,-7.108168541992633,0.1596439119048011
47,985000000,2,5.646255810816854,-7.496560309791073,0.1602522027594644
47,985000000,2,5.5967504857272115,-7.100853085687417,0.15913373985276905
48,115000000,2,5.506723843705052,-7.760970479981247,0.15956810921349385
48,115000000,2,5.571749378746837,-7.398345046519766,0.1607826903198482
48,315000000,2,5.50290777414764,-7.759335697559526,0.1581465973612129
48,315000000,2,5.559049684651362,-7.394850080507432,0.1601148643531119
48,510000000,2,5.509278813236687,-7.76405300218801,0.1584796279071734
48,510000000,2,5.554181878025892,-7.387715530919544,0.15861462933534382
48,580000000,2,5.524347062379146,-7.768845350862269,0.15938993638710003
48,580000000,2,5.537510489916324,-7.384193514349617,0.1583703190370312
48,710000000,2,5.536406160834753,-7.381629988390357,0.15806057593976172
48,710000000,2,5.5196981701958014,-7.766649135811528,0.159042675655143
48,840000000,2,5.513997704882396,-7.374801890272684,0.15926486995816558
48,840000000,2,5.514887834178019,-7.764906784492639,0.16098819265435305
48,910000000,2,5.5351928220948245,-7.381191110510203,0.15915404775591224
48,910000000,2,5.496262590383335,-7.756494925837407,0.1585057315456982
49,40000000,2,5.5171695806042464,-7.375304716863947,0.15944134057427517
49,40000000,2,5.490857746394601,-7.754041816618363,0.16042982050037752
49,105000000,2,5.527468151371368,-7.377020626478707,0.16003649073956328
49,105000000,2,5.523346492106139,-7.768672552388143,0.16206343476562513
49,240000000,2,5.523879895520165,-7.376837410042659,0.15753392240675454
49,240000000,2,5.530243260958028,-7.773261433837247,0.1633470857043723
49,305000000,2,5.5154808142060725,-7.373668201194852,0.15889735060887425
49,305000000,2,5.492451596702342,-7.753958629175851,0.15916159635840615
49,435000000,2,5.500960450957708,-7.369790317613459,0.15721490890852186
49,435000000,2,5.483224422997074,-7.752262395839598,0.15884954859855338
49,635000000,2,5.501999430919138,-7.369921622704679,0.1595630670153097
49,635000000,2,5.487569361135748,-7.75462887870882,0.15639761150071543
49,700000000,2,5.494604612323922,-7.368044412295506,0.1567730294982957
49,700000000,2,5.491833454930518,-7.755800462407967,0.15916420347724072
49,830000000,2,5.5019875795428534,-7.367336553252981,0.15792289995772338
49,830000000,2,5.482406916457277,-7.750838275038277,0.15888690500680755
49,900000000,2,5.494615968036404,-7.366044560040374,0.15905254057336687
49,900000000,2,5.486824644912284,-7.75273219449955,0.15959983722333668
50,30000000,2,5.478274089438074,-7.362214885470029,0.15748009959660725
50,30000000,2,5.483226837079924,-7.7515459696895315,0.15654963034031666
50,160000000,2,5.501339646030695,-7.366932233319652,0.15746845652588704
50,160000000,2,5.475602967782219,-7.747271007999478,0.15844203388085598
50,230000000,2,5.493126595761299,-7.366355333950895,0.1585812406230285
50,230000000,2,5.461925773395216,-7.742115416331896,0.15751984180580222
50,360000000,2,5.493139992343828,-7.365139552834927,0.15966042845875067
50,360000000,2,5.479275679374506,-7.748586306348643,0.15749705783897763
50,425000000,2,5.502102248202359,-7.368044557730615,0.15964937652967287
50,425000000,2,5.4755642204429495,-7.74825814373916,0.15803815947668093
50,560000000,2,5.484075602244181,-7.361564163789493,0.1581246919015234
50,560000000,2,5.481851012409429,-7.751035817657522,0.15849499293514807
50,625000000,2,5.4915830165119175,-7.3656460437229745,0.15812469190152362
50,625000000,2,5.473408305926592,-7.746471056224344,0.15787128062306638
50,755000000,2,5.489743314419567,-7.364369408423617,0.15918078502944588
50,755000000,2,5.451120198739575,-7.736992609266133,0.15828059424743546
50,820000000,2,5.487628291470127,-7.361056658978158,0.15964097613012312
50,820000000,2,5.459204932692364,-7.737773951866265,0.1582805942474369
50,955000000,2,5.484490917871058,-7.353491853635093,0.15776071241511622
50,955000000,2,5.477308627771446,-7.739246530769433,0.15694836726603228
51,20000000,2,5.4875612711767054,-7.352002712141042,0.15725991959301036
51,20000000,2,5.463864731401646,-7.730176681478677,0.15825992880806614
51,150000000,2,5.49030294092809,-7.359491596366696,0.15871917730201243
51,150000000,2,5.47364057265324,-7.740482529052793,0.1596302371840954
51,350000000,2,5.482306671779833,-7.358865878089881,0.15662976973697784
51,350000000,2,5.465328315585625,-7.739812706760411,0.15823447771165938
51,480000000,2,5.490225329804468,-7.361755854905044,0.15814536468790064
51,480000000,2,5.475537717236231,-7.745617551796334,0.15757841385079416
51,550000000,2,5.478770425378432,-7.358286437899679,0.15679524691493246
51,550000000,2,5.470450211812704,-7.744210576897739,0.15821630408214982
51,680000000,2,5.479444687650098,-7.358780924974639,0.15682324618580168
51,680000000,2,5.468641149971501,-7.741416643941844,0.15883644468743724
51,745000000,2,5.479687153740041,-7.359184120076655,0.15667482433233546
51,745000000,2,5.478469463664279,-7.7473489669182,0.15819879106272045
51,880000000,2,5.480197920778847,-7.358892921702937,0.15683531953433993
51,880000000,2,5.477643524825801,-7.745419185141233,0.15688378980042864
51,945000000,2,5.488748458868644,-7.3599388960089245,0.15617452871416215
51,945000000,2,5.474211216820127,-7.7413559177966516,0.15754282879768539
52,75000000,2,5.479269687811515,-7.357325209408309,0.1567395134859968
52,75000000,2,5.471158083771581,-7.739821436078579,0.15799977895219836
52,275000000,2,5.477009247132823,-7.357052580312106,0.15730342398975256
52,275000000,2,5.495266604291942,-7.752474408520682,0.15870606032219547
52,470000000,2,5.477009247132823,-7.357052580312106,0.15730342398975256
52,470000000,2,5.495266604291942,-7.752474408520682,0.15870606032219547
52,540000000,2,5.477009247132823,-7.357052580312106,0.15730342398975256
52,540000000,2,5.495266604291942,-7.752474408520682,0.15870606032219547
52,670000000,2,5.477009247132823,-7.357052580312106,0.15730342398975256
52,670000000,2,5.495266604291942,-7.752474408520682,0.15870606032219547
52,800000000,2,5.477009247132823,-7.357052580312106,0.15730342398975256
52,800000000,2,5.495266604291942,-7.752474408520682,0.15870606032219547
52,870000000,2,5.483580458480814,-7.363223602532022,0.15862638859288736
52,870000000,2,5.460435208982519,-7.740170947008291,0.15661452079995658
53,0,2,5.475041263382087,-7.373191084652783,0.1568280562623947
53,0,2,5.463348279457059,-7.756400158572568,0.15883259203448027
53,65000000,2,5.473035280817816,-7.384746031745281,0.15679150149545168
53,65000000,2,5.454064951443229,-7.765722786692228,0.15823018153989066
53,200000000,2,5.471806050575674,-7.4127001258673,0.15664488525965986
53,200000000,2,5.437250225642829,-7.78977869601181,0.15825597992897983
53,265000000,2,5.468251681539906,-7.426652961218859,0.15814494899647014
53,265000000,2,5.446825615368662,-7.81170077531622,0.1576564169145922
53,395000000,2,5.4601734682977145,-7.45362335457486,0.15748615672319344
53,395000000,2,5.435829558779266,-7.839384690184545,0.15792894566168936
53,460000000,2,5.421549468084791,-7.849391426426155,0.15629405812575717
53,595000000,2,5.441866090659017,-7.856748618800804,0.16048645197317665
64,155000000,3,-14.576781616957494,-7.317443082576638,0.16678121386709618
73,920000000,3,-14.234975386308312,-7.376760413116801,0.15789907891405403
75,110000000,3,-14.346310274881237,-7.657066417571793,0.16072145409461114
75,110000000,3,-15.116889634403925,-8.089304384848273,0.17501600686918808
75,240000000,3,-14.322689483682185,-7.663170306896505,0.16330150455658676
75,240000000,3,-14.490207508387428,-8.058897594060468,0.1632723732164918
81,115000000,1,7.892430299797558,0.2040261447231959,0.1745558658988774
88,110000000,3,-14.318542039921757,-7.354954760820456,0.1682988311517009
88,310000000,3,-14.422840146718743,-7.517778750199154,0.16829449893757986
88,440000000,3,-14.512241992949566,-7.524883565210477,0.16829453533204913
88,705000000,3,-14.283352923077272,-7.491416845411898,0.164152532799276
90,160000000,3,-14.390644474515287,-7.576386608445681,0.16731430499056418
90,160000000,3,-14.185465250091056,-7.9394787202206185,0.15955429268238036
90,225000000,3,-14.602874245910233,-7.605633395888096,0.165096166060342
90,555000000,3,-14.363796345419702,-7.587178237760984,0.16932467824591182
90,555000000,3,-14.341643923497443,-7.979798494904273,0.15954970156634307
90,950000000,3,-14.204040503802805,-7.605806159963182,0.16577874613914073
90,950000000,3,-14.158095827713476,-7.978934747485773,0.16382801557466647
91,80000000,3,-14.082634554608116,-7.594790852012995,0.16073104253309564
91,80000000,3,-14.196682591530038,-7.991171796895163,0.1638283981625186
91,150000000,3,-14.242470918681635,-8.027585057826794,0.1638291486773264
99,200000000,3,-14.218077508086147,-7.438179779901565,0.165715197329754
99,265000000,3,-14.365362112178861,-7.843230504256716,0.1671712617299949
100,60000000,3,-14.104175193221833,-7.36654993316572,0.16274255016351952
100,190000000,3,-14.307604291542148,-7.797941638571021,0.1665202497991322
110,950000000,3,-13.874503818136617,-7.615670507542539,0.16322433020981747
111,80000000,3,-14.025162952148142,-7.632346599722872,0.1579374661303936
111,145000000,3,-13.983131482303415,-7.622162391585807,0.1642896869339302
111,145000000,3,-14.140026602006468,-8.048889797501472,0.1623881830404154
111,280000000,3,-13.961214542913018,-7.421292212175528,0.164285248279108
111,475000000,3,-14.13895272158609,-7.418648526593283,0.16076240324889052
111,475000000,3,-14.032080045451343,-7.7693716512238025,0.1562432541796422
111,540000000,3,-14.031098265558144,-7.371722594043293,0.16251367006318235
111,675000000,3,-13.93013041149783,-7.3292683041288935,0.16428503928697535
111,870000000,3,-14.06082699939627,-7.399398670905125,0.1624014162010535
112,70000000,3,-14.004059822618137,-7.422951813282427,0.16429500363999444
112,270000000,3,-14.089298168419525,-7.471642339472038,0.16426802520509792
112,400000000,3,-13.937698655110644,-7.4529267310130844,0.15551132134316775
112,465000000,3,-13.768579336052705,-7.420016137039663,0.15899596242221106
112,600000000,3,-13.931084296466645,-7.452561248524033,0.16334986145954145
112,665000000,3,-13.861827123036662,-7.43303484339711,0.1591056686833618
112,795000000,3,-13.837945233858479,-7.431604719992133,0.16075952301442087
112,995000000,3,-13.834034932942677,-7.428724451586717,0.16237106695248107
113,60000000,3,-13.861526466592068,-7.477335836520798,0.16225036192876857
113,190000000,3,-13.924717172513294,-7.492565238517027,0.16225036192877001
113,390000000,3,-14.020661085453108,-7.515711036715892,0.16224227662213922
113,520000000,3,-13.81538955613946,-7.474088487119788,0.1560097220999101
113,520000000,3,-14.088878630054964,-7.926785277699293,0.1664175921818497
113,590000000,3,-13.776961659238959,-7.468311419174174,0.15758890019398417
113,720000000,3,-13.766483711290567,-7.470680734298319,0.1592575438215192
113,720000000,3,-13.913259967158261,-7.878147725632742,0.1598242172243849
113,785000000,3,-13.870674289603175,-7.493188726620989,0.15757197674301612
113,920000000,3,-13.780489859191205,-7.468275168780109,0.16065474945954797
113,985000000,3,-13.811965312063087,-7.476371208954479,0.160654749459548
114,115000000,3,-13.871441516898544,-7.489436846132592,0.16077621722326446
114,115000000,3,-13.939238140390986,-7.887398014287808,0.16293988800073522
114,315000000,3,-13.820393255607577,-7.479899318100733,0.16366963705940996
114,510000000,3,-13.839113379045788,-7.481660895092496,0.15984871165431935
114,710000000,3,-13.736289495801081,-7.460255337219838,0.1594094259004113
115,40000000,3,-13.823182529644596,-7.453729263686878,0.1607534851886737
115,105000000,3,-13.803082379788792,-7.451212709629151,0.16213341211193727
115,240000000,3,-13.747367966661997,-7.435600705934433,0.16473200342348393
115,240000000,3,-13.839214322821423,-7.8397127203278405,0.16064628150986515
115,305000000,3,-13.715845787696654,-7.429441775677752,0.16125002447585896
115,435000000,3,-13.778704680027104,-7.441102760558172,0.16123147985119266
115,435000000,3,-13.931589622443699,-7.865855103751118,0.16537249906646573
115,635000000,3,-13.905556216531226,-7.856944610989529,0.16330996919835883
115,635000000,3,-13.759620601549695,-7.437659077288949,0.15939755530774408
115,830000000,3,-13.741968344509901,-7.434558926791016,0.16202021681847206
115,830000000,3,-13.828674802973651,-7.832982788545182,0.16264586753053606
116,30000000,3,-13.737883646572907,-7.436453231336049,0.15997592970883434
116,30000000,3,-13.804216408026093,-7.830287990248283,0.16058643429693445
116,160000000,3,-13.921670400454541,-7.869653374203306,0.16381940450620308
116,160000000,3,-13.701606450786194,-7.432619967196339,0.1623860469714234
116,230000000,3,-13.691764216580115,-7.4322296864360675,0.1594750232973564
116,230000000,3,-13.846997556372411,-7.848791136411174,0.16624559325814203
116,360000000,3,-13.704440907832371,-7.423633239272354,0.16070159175974064
116,360000000,3,-13.807942989488966,-7.82856817799376,0.1600643698698825
116,425000000,3,-13.884808879968219,-7.849575282883489,0.15870630563973037
116,425000000,3,-13.734094675520016,-7.426871051847863,0.16079731923337545
116,560000000,3,-13.715429362111566,-7.413840088917042,0.15888741138687257
116,560000000,3,-13.797027129913262,-7.815340598710731,0.15816212455022152
116,625000000,3,-13.7293277121533,-7.416090981267874,0.15890952568232053
116,755000000,3,-13.74570037410782,-7.431991847097769,0.16005032341451292
116,955000000,3,-13.695340858342977,-7.421151964155792,0.1597119291820644
117,20000000,3,-13.825222592075917,-7.83234521365336,0.15752631934632455
117,20000000,3,-13.684331862855046,-7.420862627740019,0.16081426944662774
117,350000000,3,-13.741277614342632,-7.431255592701422,0.16189091417220453
117,480000000,3,-13.739214041711419,-7.426469864357091,0.15903210442444055
117,480000000,3,-13.759549318099893,-7.812304381420434,0.15949081501423995
117,680000000,3,-13.713302943782317,-7.42255257361313,0.16115496441236943
117,680000000,3,-13.730729514599236,-7.804561157298304,0.1616783993906618
117,745000000,3,-13.665216180559216,-7.413269168555163,0.1597938984424763
117,745000000,3,-13.745787339559442,-7.812324146068512,0.16167858902549007
117,880000000,3,-13.655771663690675,-7.4094795855661655,0.16072525804039062
117,880000000,3,-13.741345912192806,-7.806185011354626,0.1590445654909919
117,945000000,3,-13.75605853117741,-7.810716762125484,0.1590445654909919
117,945000000,3,-13.667583724994987,-7.41532609356741,0.16082550788012123
118,140000000,3,-13.677908781402845,-7.418102036080897,0.16183450753586703
118,140000000,3,-13.71867584901004,-7.802450028274295,0.16120881974465961
118,275000000,3,-13.66702229746567,-7.411314596167383,0.15911538414187565
118,275000000,3,-13.704661749842533,-7.798762018222519,0.1585506903183152
118,470000000,3,-13.771697402869965,-7.81737606768332,0.15737361353306512
118,470000000,3,-13.700239668378977,-7.4203956935702,0.1627292980055735
118,800000000,3,-13.68527338800391,-7.415605477173539,0.16110997792620013
118,800000000,3,-13.754832778094812,-7.813176023126853,0.16327129482449582
119,0,3,-13.726119694703126,-7.825762471577776,0.16064253941789247
119,0,3,-13.666236445283458,-7.431245523836746,0.1621070645372099
119,65000000,3,-13.800132337545259,-7.865104109607902,0.16216311418981633
119,65000000,3,-13.651617752463961,-7.444186547146206,0.15985568237652287
119,200000000,3,-13.73536399270854,-7.904414771936661,0.16157571061023748
119,200000000,3,-13.607370368666924,-7.4907581341977565,0.1601432930598424
119,265000000,3,-13.648381821418438,-7.531277355277988,0.1613954630103112
119,265000000,3,-13.64381591868975,-7.906286269055574,0.15865583581982923
127,380000000,0,-14.170717306994266,1.7776961107222533,0.16465366102884293
127,515000000,0,-14.200543947570708,1.7395702677515645,0.1607142890402498
127,910000000,0,-13.818165967013012,2.2331377929295817,0.16921103202989346
128,40000000,0,-13.829737736579272,2.245714521625148,0.16624890512865054
128,110000000,0,-13.721980711048808,2.1124144213990856,0.163133178970835
128,240000000,0,-13.770444076904496,2.201079289992177,0.17130835257741484
128,440000000,0,-13.628006970195695,2.1014897904964718,0.16072581681652198
128,505000000,0,-13.668438840160182,2.1643053519204525,0.16071991170122535
128,635000000,0,-13.697980548966196,2.158879747298741,0.16272985378038085
128,835000000,0,-13.739004424011505,2.1919545219865446,0.16654876118067002
129,100000000,0,-13.641054216615302,1.9979154788841953,0.1643189278826495
157,480000000,0,-13.6477740699465,2.645648303483532,0.16424362636006595
157,545000000,0,-13.617869807833145,2.6634614623266426,0.1642441236147324
157,675000000,0,-13.618774631400687,2.6961449867044283,0.16424465995043142
157,740000000,0,-14.109278943088711,1.5355431442000156,0.16424449036063604
157,875000000,0,-14.100786350983608,1.523755510608168,0.1659157819475062
158,270000000,0,-13.95392054512068,1.4645256524334909,0.16071974489525268
158,400000000,0,-13.92278644716585,1.4512456953052963,0.16225025559724704
158,665000000,0,-13.987060622026597,1.476138512382508,0.1623067304995295
158,800000000,0,-13.909017656549947,1.4557833593274627,0.16390383221512814
158,995000000,0,-13.948334918977501,1.4607879055170092,0.16402036542775145
159,195000000,0,-14.027072680887098,1.4642865190263845,0.16390110445772957
159,390000000,0,-14.00670933007843,1.4594593869197205,0.16543633785395845
159,460000000,0,-13.953680194991861,1.451017729326104,0.1614997179690857
159,590000000,0,-14.01649830209836,1.452119602972698,0.16150013691703036
159,720000000,0,-13.813750267126599,1.4249729558678659,0.1606497581333592
159,790000000,0,-13.84219130412591,1.4299519480531577,0.16064630921113854
159,920000000,0,-13.982147820794381,1.4569967618942286,0.15922790519757876
159,985000000,0,-13.846943687225828,1.4346520014382858,0.1623197613636737
160,120000000,0,-13.90691723997827,1.4427888268119986,0.16220398732057212
160,185000000,0,-13.9361548600038,1.443321396106183,0.162204109394584
160,315000000,0,-13.980719002522648,1.4396910650779917,0.1620970094591226
160,515000000,0,-13.925896376087143,1.4316778886023236,0.16003041125893067
160,580000000,0,-13.801423648808207,1.4127930553263908,0.16255844642249712
160,710000000,0,-13.791890853924459,1.4115458247226238,0.15912609540090777
160,780000000,0,-13.821629310092735,1.415738301870053,0.1593847516373135
160,910000000,0,-13.811554923072322,1.4236358561588367,0.16086672953442216
161,40000000,0,-13.85573321407856,1.431688519978837,0.16066129465416712
161,240000000,0,-13.823364175456799,1.4289945112531943,0.16353057769686077
161,440000000,0,-13.781648973669029,1.3775801103691354,0.1612552298051066
161,440000000,0,-13.783920538741036,1.7541109249520506,0.1586411164318522
161,505000000,0,-13.876751965620361,1.387731065796621,0.16459832445062983
161,635000000,0,-13.814164689454646,1.3764542661536694,0.16708497263918393
161,700000000,0,-13.779943912225193,1.3702486483704295,0.16365562779823645
161,835000000,0,-13.77718675865146,1.36864480800424,0.16066735818787115
161,835000000,0,-13.768986387179485,1.7472933908835888,0.15801324701105235
161,900000000,0,-13.798227668366668,1.3754507001475451,0.16077603876078814
162,30000000,0,-13.737394699736788,1.3654065072902983,0.16313268437706607
162,230000000,0,-13.80169167284963,1.3716204886368193,0.16323579914525402
162,230000000,0,-13.849875712963662,1.759227783950096,0.15928952492166548
162,360000000,0,-13.736607379632845,1.3632824687179177,0.1655944294853212
162,430000000,0,-13.757482195449104,1.364924440111473,0.16548908522906852
162,560000000,0,-13.73433332529561,1.3665464487713257,0.16240368387841495
162,760000000,0,-13.780557189495731,1.7509980572008716,0.16006708700210937
163,155000000,0,-13.776985855449375,1.3663645414947003,0.16077446539898785
163,350000000,0,-13.779268324364173,1.3657288855962602,0.16194265036841984
163,350000000,0,-13.805796739018817,1.7556326324239357,0.1581605857452087
163,420000000,0,-13.796602866733377,1.3677624257359051,0.16193973071949505
163,550000000,0,-13.707698691194011,1.7334376383672359,0.16178309690860643
163,550000000,0,-13.726227852522266,1.3632330455631823,0.16418410615859735
163,750000000,0,-13.824476845283035,1.755499319952684,0.15928261616663364
163,750000000,0,-13.759353247855369,1.3631356452011163,0.16418124761234307
163,945000000,0,-13.787309493366692,1.3647363236482646,0.16006928701055112
164,80000000,0,-13.791348534728447,1.7521755028727153,0.16177987607283834
164,80000000,0,-13.766403512159812,1.363027336893547,0.16117988516314907
164,145000000,0,-13.75615427270946,1.7441114402491764,0.15896845770227114
164,145000000,0,-13.773101624701475,1.3640496752674505,0.16117994271858924
164,275000000,0,-13.739457765922598,1.3644061890424921,0.15845220024827383
164,540000000,0,-13.753318231892909,1.4075639667976496,0.15957489402025113
164,670000000,0,-13.721584985717083,1.4472437588367866,0.16291082158090314
164,740000000,0,-13.76009316495984,1.8725052765955106,0.15950248484524082
164,740000000,0,-13.733792391316875,1.4844145205133044,0.16108821550505364
164,870000000,0,-13.697527453648853,1.9335314764156815,0.1585743283283197
