run_id,success_simulation,reason,collided_with,duration_s
001,True,exploration_complete,,191.2
002,True,exploration_complete,,208.9
003,True,exploration_complete,,223.6
004,True,exploration_complete,,196.9
005,True,exploration_complete,,194.6
006,True,exploration_complete,,190.8
007,True,exploration_complete,,181.5
008,False,collision,box_3::box_link::box_collision,119.1
009,True,exploration_complete,,206.1
010,True,exploration_complete,,203.2
011,True,exploration_complete,,226.6
012,True,exploration_complete,,214.6
013,True,exploration_complete,,190.4
014,True,exploration_complete,,182.3
015,True,exploration_complete,,200.0
016,True,exploration_complete,,208.8
017,True,exploration_complete,,199.9
018,True,exploration_complete,,199.9
019,True,exploration_complete,,211.7
020,False,collision,cylinder::cylinder_link::cylinder_collision,74.2
